;TAZID,CO_TAZID,CO_FIPS,CO_NAME
1,30001,3,BOX ELDER
2,30002,3,BOX ELDER
3,30003,3,BOX ELDER
4,30004,3,BOX ELDER
5,30005,3,BOX ELDER
6,30006,3,BOX ELDER
7,30007,3,BOX ELDER
8,30008,3,BOX ELDER
9,30009,3,BOX ELDER
10,30010,3,BOX ELDER
11,30011,3,BOX ELDER
12,30012,3,BOX ELDER
13,30013,3,BOX ELDER
14,30014,3,BOX ELDER
15,30015,3,BOX ELDER
16,30016,3,BOX ELDER
17,30017,3,BOX ELDER
18,30018,3,BOX ELDER
19,30019,3,BOX ELDER
20,30020,3,BOX ELDER
21,30021,3,BOX ELDER
22,30022,3,BOX ELDER
23,30023,3,BOX ELDER
24,30024,3,BOX ELDER
25,30025,3,BOX ELDER
26,30026,3,BOX ELDER
27,30027,3,BOX ELDER
28,30028,3,BOX ELDER
29,30029,3,BOX ELDER
30,30030,3,BOX ELDER
31,30031,3,BOX ELDER
32,30032,3,BOX ELDER
33,30033,3,BOX ELDER
34,30034,3,BOX ELDER
35,30035,3,BOX ELDER
36,30036,3,BOX ELDER
37,30037,3,BOX ELDER
38,30038,3,BOX ELDER
39,30039,3,BOX ELDER
40,30040,3,BOX ELDER
41,30041,3,BOX ELDER
42,30042,3,BOX ELDER
43,30043,3,BOX ELDER
44,30044,3,BOX ELDER
45,30045,3,BOX ELDER
46,30046,3,BOX ELDER
47,30047,3,BOX ELDER
48,30048,3,BOX ELDER
49,30049,3,BOX ELDER
50,30050,3,BOX ELDER
51,30051,3,BOX ELDER
52,30052,3,BOX ELDER
53,30053,3,BOX ELDER
54,30054,3,BOX ELDER
55,30055,3,BOX ELDER
56,30056,3,BOX ELDER
57,30057,3,BOX ELDER
58,30058,3,BOX ELDER
59,30059,3,BOX ELDER
60,30060,3,BOX ELDER
61,30061,3,BOX ELDER
62,30062,3,BOX ELDER
63,30063,3,BOX ELDER
64,30064,3,BOX ELDER
65,30065,3,BOX ELDER
66,30066,3,BOX ELDER
67,30067,3,BOX ELDER
68,30068,3,BOX ELDER
69,30069,3,BOX ELDER
70,30070,3,BOX ELDER
71,30071,3,BOX ELDER
72,30072,3,BOX ELDER
73,30073,3,BOX ELDER
74,30074,3,BOX ELDER
75,30075,3,BOX ELDER
76,30076,3,BOX ELDER
77,30077,3,BOX ELDER
78,30078,3,BOX ELDER
79,30079,3,BOX ELDER
80,30080,3,BOX ELDER
81,30081,3,BOX ELDER
82,30082,3,BOX ELDER
83,30083,3,BOX ELDER
84,30084,3,BOX ELDER
85,30085,3,BOX ELDER
86,30086,3,BOX ELDER
87,30087,3,BOX ELDER
88,30088,3,BOX ELDER
89,30089,3,BOX ELDER
90,30090,3,BOX ELDER
91,30091,3,BOX ELDER
92,30092,3,BOX ELDER
93,30093,3,BOX ELDER
94,30094,3,BOX ELDER
95,30095,3,BOX ELDER
96,30096,3,BOX ELDER
97,30097,3,BOX ELDER
98,30098,3,BOX ELDER
99,30099,3,BOX ELDER
100,30100,3,BOX ELDER
101,30101,3,BOX ELDER
102,30102,3,BOX ELDER
103,30103,3,BOX ELDER
104,30104,3,BOX ELDER
105,30105,3,BOX ELDER
106,30106,3,BOX ELDER
107,30107,3,BOX ELDER
108,30108,3,BOX ELDER
109,30109,3,BOX ELDER
110,30110,3,BOX ELDER
111,30111,3,BOX ELDER
112,30112,3,BOX ELDER
113,30113,3,BOX ELDER
114,30114,3,BOX ELDER
115,30115,3,BOX ELDER
116,30116,3,BOX ELDER
117,30117,3,BOX ELDER
118,30118,3,BOX ELDER
119,30119,3,BOX ELDER
120,30120,3,BOX ELDER
121,30121,3,BOX ELDER
122,30122,3,BOX ELDER
123,30123,3,BOX ELDER
124,30124,3,BOX ELDER
125,30125,3,BOX ELDER
126,30126,3,BOX ELDER
127,30127,3,BOX ELDER
128,30128,3,BOX ELDER
129,30129,3,BOX ELDER
130,30130,3,BOX ELDER
131,30131,3,BOX ELDER
132,30132,3,BOX ELDER
133,30133,3,BOX ELDER
134,30134,3,BOX ELDER
135,30135,3,BOX ELDER
136,30136,0,external
137,30137,0,external
138,30138,0,external
139,30139,0,external
140,30140,0,external
141,570141,57,WEBER
142,570142,57,WEBER
143,570143,57,WEBER
144,570144,57,WEBER
145,570145,57,WEBER
146,570146,57,WEBER
147,570147,57,WEBER
148,570148,57,WEBER
149,570149,57,WEBER
150,570150,57,WEBER
151,570151,57,WEBER
152,570152,57,WEBER
153,570153,57,WEBER
154,570154,57,WEBER
155,570155,57,WEBER
156,570156,57,WEBER
157,570157,57,WEBER
158,570158,57,WEBER
159,570159,57,WEBER
160,570160,57,WEBER
161,570161,57,WEBER
162,570162,57,WEBER
163,570163,57,WEBER
164,570164,57,WEBER
165,570165,57,WEBER
166,570166,57,WEBER
167,570167,57,WEBER
168,570168,57,WEBER
169,570169,57,WEBER
170,570170,57,WEBER
171,570171,57,WEBER
172,570172,57,WEBER
173,570173,57,WEBER
174,570174,57,WEBER
175,570175,57,WEBER
176,570176,57,WEBER
177,570177,57,WEBER
178,570178,57,WEBER
179,570179,57,WEBER
180,570180,57,WEBER
181,570181,57,WEBER
182,570182,57,WEBER
183,570183,57,WEBER
184,570184,57,WEBER
185,570185,57,WEBER
186,570186,57,WEBER
187,570187,57,WEBER
188,570188,57,WEBER
189,570189,57,WEBER
190,570190,57,WEBER
191,570191,57,WEBER
192,570192,57,WEBER
193,570193,57,WEBER
194,570194,57,WEBER
195,570195,57,WEBER
196,570196,57,WEBER
197,570197,57,WEBER
198,570198,57,WEBER
199,570199,57,WEBER
200,570200,57,WEBER
201,570201,57,WEBER
202,570202,57,WEBER
203,570203,57,WEBER
204,570204,57,WEBER
205,570205,57,WEBER
206,570206,57,WEBER
207,570207,57,WEBER
208,570208,57,WEBER
209,570209,57,WEBER
210,570210,57,WEBER
211,570211,57,WEBER
212,570212,57,WEBER
213,570213,57,WEBER
214,570214,57,WEBER
215,570215,57,WEBER
216,570216,57,WEBER
217,570217,57,WEBER
218,570218,57,WEBER
219,570219,57,WEBER
220,570220,57,WEBER
221,570221,57,WEBER
222,570222,57,WEBER
223,570223,57,WEBER
224,570224,57,WEBER
225,570225,57,WEBER
226,570226,57,WEBER
227,570227,57,WEBER
228,570228,57,WEBER
229,570229,57,WEBER
230,570230,57,WEBER
231,570231,57,WEBER
232,570232,57,WEBER
233,570233,57,WEBER
234,570234,57,WEBER
235,570235,57,WEBER
236,570236,57,WEBER
237,570237,57,WEBER
238,570238,57,WEBER
239,570239,57,WEBER
240,570240,57,WEBER
241,570241,57,WEBER
242,570242,57,WEBER
243,570243,57,WEBER
244,570244,57,WEBER
245,570245,57,WEBER
246,570246,57,WEBER
247,570247,57,WEBER
248,570248,57,WEBER
249,570249,57,WEBER
250,570250,57,WEBER
251,570251,57,WEBER
252,570252,57,WEBER
253,570253,57,WEBER
254,570254,57,WEBER
255,570255,57,WEBER
256,570256,57,WEBER
257,570257,57,WEBER
258,570258,57,WEBER
259,570259,57,WEBER
260,570260,57,WEBER
261,570261,57,WEBER
262,570262,57,WEBER
263,570263,57,WEBER
264,570264,57,WEBER
265,570265,57,WEBER
266,570266,57,WEBER
267,570267,57,WEBER
268,570268,57,WEBER
269,570269,57,WEBER
270,570270,57,WEBER
271,570271,57,WEBER
272,570272,57,WEBER
273,570273,57,WEBER
274,570274,57,WEBER
275,570275,57,WEBER
276,570276,57,WEBER
277,570277,57,WEBER
278,570278,57,WEBER
279,570279,57,WEBER
280,570280,57,WEBER
281,570281,57,WEBER
282,570282,57,WEBER
283,570283,57,WEBER
284,570284,57,WEBER
285,570285,57,WEBER
286,570286,57,WEBER
287,570287,57,WEBER
288,570288,57,WEBER
289,570289,57,WEBER
290,570290,57,WEBER
291,570291,57,WEBER
292,570292,57,WEBER
293,570293,57,WEBER
294,570294,57,WEBER
295,570295,57,WEBER
296,570296,57,WEBER
297,570297,57,WEBER
298,570298,57,WEBER
299,570299,57,WEBER
300,570300,57,WEBER
301,570301,57,WEBER
302,570302,57,WEBER
303,570303,57,WEBER
304,570304,57,WEBER
305,570305,57,WEBER
306,570306,57,WEBER
307,570307,57,WEBER
308,570308,57,WEBER
309,570309,57,WEBER
310,570310,57,WEBER
311,570311,57,WEBER
312,570312,57,WEBER
313,570313,57,WEBER
314,570314,57,WEBER
315,570315,57,WEBER
316,570316,57,WEBER
317,570317,57,WEBER
318,570318,57,WEBER
319,570319,57,WEBER
320,570320,57,WEBER
321,570321,57,WEBER
322,570322,57,WEBER
323,570323,57,WEBER
324,570324,57,WEBER
325,570325,57,WEBER
326,570326,57,WEBER
327,570327,57,WEBER
328,570328,57,WEBER
329,570329,57,WEBER
330,570330,57,WEBER
331,570331,57,WEBER
332,570332,57,WEBER
333,570333,57,WEBER
334,570334,57,WEBER
335,570335,57,WEBER
336,570336,57,WEBER
337,570337,57,WEBER
338,570338,57,WEBER
339,570339,57,WEBER
340,570340,57,WEBER
341,570341,57,WEBER
342,570342,57,WEBER
343,570343,57,WEBER
344,570344,57,WEBER
345,570345,57,WEBER
346,570346,57,WEBER
347,570347,57,WEBER
348,570348,57,WEBER
349,570349,57,WEBER
350,570350,57,WEBER
351,570351,57,WEBER
352,570352,57,WEBER
353,570353,57,WEBER
354,570354,57,WEBER
355,570355,57,WEBER
356,570356,57,WEBER
357,570357,57,WEBER
358,570358,57,WEBER
359,570359,57,WEBER
360,570360,57,WEBER
361,570361,57,WEBER
362,570362,57,WEBER
363,570363,57,WEBER
364,570364,57,WEBER
365,570365,57,WEBER
366,570366,57,WEBER
367,570367,57,WEBER
368,570368,57,WEBER
369,570369,57,WEBER
370,570370,57,WEBER
371,570371,57,WEBER
372,570372,57,WEBER
373,570373,57,WEBER
374,570374,57,WEBER
375,570375,57,WEBER
376,570376,57,WEBER
377,570377,57,WEBER
378,570378,57,WEBER
379,570379,57,WEBER
380,570380,57,WEBER
381,570381,57,WEBER
382,570382,57,WEBER
383,570383,57,WEBER
384,570384,57,WEBER
385,570385,57,WEBER
386,570386,57,WEBER
387,570387,57,WEBER
388,570388,57,WEBER
389,570389,57,WEBER
390,570390,57,WEBER
391,570391,57,WEBER
392,570392,57,WEBER
393,570393,57,WEBER
394,570394,57,WEBER
395,570395,57,WEBER
396,570396,57,WEBER
397,570397,57,WEBER
398,570398,57,WEBER
399,570399,57,WEBER
400,570400,57,WEBER
401,570401,57,WEBER
402,570402,57,WEBER
403,570403,57,WEBER
404,570404,57,WEBER
405,570405,57,WEBER
406,570406,57,WEBER
407,570407,57,WEBER
408,570408,57,WEBER
409,570409,57,WEBER
410,570410,57,WEBER
411,570411,57,WEBER
412,570412,57,WEBER
413,570413,57,WEBER
414,570414,57,WEBER
415,570415,57,WEBER
416,570416,57,WEBER
417,570417,57,WEBER
418,570418,57,WEBER
419,570419,57,WEBER
420,570420,57,WEBER
421,570421,0,external
422,570422,0,external
423,570423,0,external
424,110424,11,DAVIS
425,110425,11,DAVIS
426,110426,11,DAVIS
427,110427,11,DAVIS
428,110428,11,DAVIS
429,110429,11,DAVIS
430,110430,11,DAVIS
431,110431,11,DAVIS
432,110432,11,DAVIS
433,110433,11,DAVIS
434,110434,11,DAVIS
435,110435,11,DAVIS
436,110436,11,DAVIS
437,110437,11,DAVIS
438,110438,11,DAVIS
439,110439,11,DAVIS
440,110440,11,DAVIS
441,110441,11,DAVIS
442,110442,11,DAVIS
443,110443,11,DAVIS
444,110444,11,DAVIS
445,110445,11,DAVIS
446,110446,11,DAVIS
447,110447,11,DAVIS
448,110448,11,DAVIS
449,110449,11,DAVIS
450,110450,11,DAVIS
451,110451,11,DAVIS
452,110452,11,DAVIS
453,110453,11,DAVIS
454,110454,11,DAVIS
455,110455,11,DAVIS
456,110456,11,DAVIS
457,110457,11,DAVIS
458,110458,11,DAVIS
459,110459,11,DAVIS
460,110460,11,DAVIS
461,110461,11,DAVIS
462,110462,11,DAVIS
463,110463,11,DAVIS
464,110464,11,DAVIS
465,110465,11,DAVIS
466,110466,11,DAVIS
467,110467,11,DAVIS
468,110468,11,DAVIS
469,110469,11,DAVIS
470,110470,11,DAVIS
471,110471,11,DAVIS
472,110472,11,DAVIS
473,110473,11,DAVIS
474,110474,11,DAVIS
475,110475,11,DAVIS
476,110476,11,DAVIS
477,110477,11,DAVIS
478,110478,11,DAVIS
479,110479,11,DAVIS
480,110480,11,DAVIS
481,110481,11,DAVIS
482,110482,11,DAVIS
483,110483,11,DAVIS
484,110484,11,DAVIS
485,110485,11,DAVIS
486,110486,11,DAVIS
487,110487,11,DAVIS
488,110488,11,DAVIS
489,110489,11,DAVIS
490,110490,11,DAVIS
491,110491,11,DAVIS
492,110492,11,DAVIS
493,110493,11,DAVIS
494,110494,11,DAVIS
495,110495,11,DAVIS
496,110496,11,DAVIS
497,110497,11,DAVIS
498,110498,11,DAVIS
499,110499,11,DAVIS
500,110500,11,DAVIS
501,110501,11,DAVIS
502,110502,11,DAVIS
503,110503,11,DAVIS
504,110504,11,DAVIS
505,110505,11,DAVIS
506,110506,11,DAVIS
507,110507,11,DAVIS
508,110508,11,DAVIS
509,110509,11,DAVIS
510,110510,11,DAVIS
511,110511,11,DAVIS
512,110512,11,DAVIS
513,110513,11,DAVIS
514,110514,11,DAVIS
515,110515,11,DAVIS
516,110516,11,DAVIS
517,110517,11,DAVIS
518,110518,11,DAVIS
519,110519,11,DAVIS
520,110520,11,DAVIS
521,110521,11,DAVIS
522,110522,11,DAVIS
523,110523,11,DAVIS
524,110524,11,DAVIS
525,110525,11,DAVIS
526,110526,11,DAVIS
527,110527,11,DAVIS
528,110528,11,DAVIS
529,110529,11,DAVIS
530,110530,11,DAVIS
531,110531,11,DAVIS
532,110532,11,DAVIS
533,110533,11,DAVIS
534,110534,11,DAVIS
535,110535,11,DAVIS
536,110536,11,DAVIS
537,110537,11,DAVIS
538,110538,11,DAVIS
539,110539,11,DAVIS
540,110540,11,DAVIS
541,110541,11,DAVIS
542,110542,11,DAVIS
543,110543,11,DAVIS
544,110544,11,DAVIS
545,110545,11,DAVIS
546,110546,11,DAVIS
547,110547,11,DAVIS
548,110548,11,DAVIS
549,110549,11,DAVIS
550,110550,11,DAVIS
551,110551,11,DAVIS
552,110552,11,DAVIS
553,110553,11,DAVIS
554,110554,11,DAVIS
555,110555,11,DAVIS
556,110556,11,DAVIS
557,110557,11,DAVIS
558,110558,11,DAVIS
559,110559,11,DAVIS
560,110560,11,DAVIS
561,110561,11,DAVIS
562,110562,11,DAVIS
563,110563,11,DAVIS
564,110564,11,DAVIS
565,110565,11,DAVIS
566,110566,11,DAVIS
567,110567,11,DAVIS
568,110568,11,DAVIS
569,110569,11,DAVIS
570,110570,11,DAVIS
571,110571,11,DAVIS
572,110572,11,DAVIS
573,110573,11,DAVIS
574,110574,11,DAVIS
575,110575,11,DAVIS
576,110576,11,DAVIS
577,110577,11,DAVIS
578,110578,11,DAVIS
579,110579,11,DAVIS
580,110580,11,DAVIS
581,110581,11,DAVIS
582,110582,11,DAVIS
583,110583,11,DAVIS
584,110584,11,DAVIS
585,110585,11,DAVIS
586,110586,11,DAVIS
587,110587,11,DAVIS
588,110588,11,DAVIS
589,110589,11,DAVIS
590,110590,11,DAVIS
591,110591,11,DAVIS
592,110592,11,DAVIS
593,110593,11,DAVIS
594,110594,11,DAVIS
595,110595,11,DAVIS
596,110596,11,DAVIS
597,110597,11,DAVIS
598,110598,11,DAVIS
599,110599,11,DAVIS
600,110600,11,DAVIS
601,110601,11,DAVIS
602,110602,11,DAVIS
603,110603,11,DAVIS
604,110604,11,DAVIS
605,110605,11,DAVIS
606,110606,11,DAVIS
607,110607,11,DAVIS
608,110608,11,DAVIS
609,110609,11,DAVIS
610,110610,11,DAVIS
611,110611,11,DAVIS
612,110612,11,DAVIS
613,110613,11,DAVIS
614,110614,11,DAVIS
615,110615,11,DAVIS
616,110616,11,DAVIS
617,110617,11,DAVIS
618,110618,11,DAVIS
619,110619,11,DAVIS
620,110620,11,DAVIS
621,110621,11,DAVIS
622,110622,11,DAVIS
623,110623,11,DAVIS
624,110624,11,DAVIS
625,110625,11,DAVIS
626,110626,11,DAVIS
627,110627,11,DAVIS
628,110628,11,DAVIS
629,110629,11,DAVIS
630,110630,11,DAVIS
631,110631,11,DAVIS
632,110632,11,DAVIS
633,110633,11,DAVIS
634,110634,11,DAVIS
635,110635,11,DAVIS
636,110636,11,DAVIS
637,110637,11,DAVIS
638,110638,11,DAVIS
639,110639,11,DAVIS
640,110640,11,DAVIS
641,110641,11,DAVIS
642,110642,11,DAVIS
643,110643,11,DAVIS
644,110644,11,DAVIS
645,110645,11,DAVIS
646,110646,11,DAVIS
647,110647,11,DAVIS
648,110648,11,DAVIS
649,110649,11,DAVIS
650,110650,11,DAVIS
651,110651,11,DAVIS
652,110652,11,DAVIS
653,110653,11,DAVIS
654,110654,11,DAVIS
655,350655,35,SALT LAKE
656,350656,35,SALT LAKE
657,350657,35,SALT LAKE
658,350658,35,SALT LAKE
659,350659,35,SALT LAKE
660,350660,35,SALT LAKE
661,350661,35,SALT LAKE
662,350662,35,SALT LAKE
663,350663,35,SALT LAKE
664,350664,35,SALT LAKE
665,350665,35,SALT LAKE
666,350666,35,SALT LAKE
667,350667,35,SALT LAKE
668,350668,35,SALT LAKE
669,350669,35,SALT LAKE
670,350670,35,SALT LAKE
671,350671,35,SALT LAKE
672,350672,35,SALT LAKE
673,350673,35,SALT LAKE
674,350674,35,SALT LAKE
675,350675,35,SALT LAKE
676,350676,35,SALT LAKE
677,350677,35,SALT LAKE
678,350678,35,SALT LAKE
679,350679,35,SALT LAKE
680,350680,35,SALT LAKE
681,350681,35,SALT LAKE
682,350682,35,SALT LAKE
683,350683,35,SALT LAKE
684,350684,35,SALT LAKE
685,350685,35,SALT LAKE
686,350686,35,SALT LAKE
687,350687,35,SALT LAKE
688,350688,35,SALT LAKE
689,350689,35,SALT LAKE
690,350690,35,SALT LAKE
691,350691,35,SALT LAKE
692,350692,35,SALT LAKE
693,350693,35,SALT LAKE
694,350694,35,SALT LAKE
695,350695,35,SALT LAKE
696,350696,35,SALT LAKE
697,350697,35,SALT LAKE
698,350698,35,SALT LAKE
699,350699,35,SALT LAKE
700,350700,35,SALT LAKE
701,350701,35,SALT LAKE
702,350702,35,SALT LAKE
703,350703,35,SALT LAKE
704,350704,35,SALT LAKE
705,350705,35,SALT LAKE
706,350706,35,SALT LAKE
707,350707,35,SALT LAKE
708,350708,35,SALT LAKE
709,350709,35,SALT LAKE
710,350710,35,SALT LAKE
711,350711,35,SALT LAKE
712,350712,35,SALT LAKE
713,350713,35,SALT LAKE
714,350714,35,SALT LAKE
715,350715,35,SALT LAKE
716,350716,35,SALT LAKE
717,350717,35,SALT LAKE
718,350718,35,SALT LAKE
719,350719,35,SALT LAKE
720,350720,35,SALT LAKE
721,350721,35,SALT LAKE
722,350722,35,SALT LAKE
723,350723,35,SALT LAKE
724,350724,35,SALT LAKE
725,350725,35,SALT LAKE
726,350726,35,SALT LAKE
727,350727,35,SALT LAKE
728,350728,35,SALT LAKE
729,350729,35,SALT LAKE
730,350730,35,SALT LAKE
731,350731,35,SALT LAKE
732,350732,35,SALT LAKE
733,350733,35,SALT LAKE
734,350734,35,SALT LAKE
735,350735,35,SALT LAKE
736,350736,35,SALT LAKE
737,350737,35,SALT LAKE
738,350738,35,SALT LAKE
739,350739,35,SALT LAKE
740,350740,35,SALT LAKE
741,350741,35,SALT LAKE
742,350742,35,SALT LAKE
743,350743,35,SALT LAKE
744,350744,35,SALT LAKE
745,350745,35,SALT LAKE
746,350746,35,SALT LAKE
747,350747,35,SALT LAKE
748,350748,35,SALT LAKE
749,350749,35,SALT LAKE
750,350750,35,SALT LAKE
751,350751,35,SALT LAKE
752,350752,35,SALT LAKE
753,350753,35,SALT LAKE
754,350754,35,SALT LAKE
755,350755,35,SALT LAKE
756,350756,35,SALT LAKE
757,350757,35,SALT LAKE
758,350758,35,SALT LAKE
759,350759,35,SALT LAKE
760,350760,35,SALT LAKE
761,350761,35,SALT LAKE
762,350762,35,SALT LAKE
763,350763,35,SALT LAKE
764,350764,35,SALT LAKE
765,350765,35,SALT LAKE
766,350766,35,SALT LAKE
767,350767,35,SALT LAKE
768,350768,35,SALT LAKE
769,350769,35,SALT LAKE
770,350770,35,SALT LAKE
771,350771,35,SALT LAKE
772,350772,35,SALT LAKE
773,350773,35,SALT LAKE
774,350774,35,SALT LAKE
775,350775,35,SALT LAKE
776,350776,35,SALT LAKE
777,350777,35,SALT LAKE
778,350778,35,SALT LAKE
779,350779,35,SALT LAKE
780,350780,35,SALT LAKE
781,350781,35,SALT LAKE
782,350782,35,SALT LAKE
783,350783,35,SALT LAKE
784,350784,35,SALT LAKE
785,350785,35,SALT LAKE
786,350786,35,SALT LAKE
787,350787,35,SALT LAKE
788,350788,35,SALT LAKE
789,350789,35,SALT LAKE
790,350790,35,SALT LAKE
791,350791,35,SALT LAKE
792,350792,35,SALT LAKE
793,350793,35,SALT LAKE
794,350794,35,SALT LAKE
795,350795,35,SALT LAKE
796,350796,35,SALT LAKE
797,350797,35,SALT LAKE
798,350798,35,SALT LAKE
799,350799,35,SALT LAKE
800,350800,35,SALT LAKE
801,350801,35,SALT LAKE
802,350802,35,SALT LAKE
803,350803,35,SALT LAKE
804,350804,35,SALT LAKE
805,350805,35,SALT LAKE
806,350806,35,SALT LAKE
807,350807,35,SALT LAKE
808,350808,35,SALT LAKE
809,350809,35,SALT LAKE
810,350810,35,SALT LAKE
811,350811,35,SALT LAKE
812,350812,35,SALT LAKE
813,350813,35,SALT LAKE
814,350814,35,SALT LAKE
815,350815,35,SALT LAKE
816,350816,35,SALT LAKE
817,350817,35,SALT LAKE
818,350818,35,SALT LAKE
819,350819,35,SALT LAKE
820,350820,35,SALT LAKE
821,350821,35,SALT LAKE
822,350822,35,SALT LAKE
823,350823,35,SALT LAKE
824,350824,35,SALT LAKE
825,350825,35,SALT LAKE
826,350826,35,SALT LAKE
827,350827,35,SALT LAKE
828,350828,35,SALT LAKE
829,350829,35,SALT LAKE
830,350830,35,SALT LAKE
831,350831,35,SALT LAKE
832,350832,35,SALT LAKE
833,350833,35,SALT LAKE
834,350834,35,SALT LAKE
835,350835,35,SALT LAKE
836,350836,35,SALT LAKE
837,350837,35,SALT LAKE
838,350838,35,SALT LAKE
839,350839,35,SALT LAKE
840,350840,35,SALT LAKE
841,350841,35,SALT LAKE
842,350842,35,SALT LAKE
843,350843,35,SALT LAKE
844,350844,35,SALT LAKE
845,350845,35,SALT LAKE
846,350846,35,SALT LAKE
847,350847,35,SALT LAKE
848,350848,35,SALT LAKE
849,350849,35,SALT LAKE
850,350850,35,SALT LAKE
851,350851,35,SALT LAKE
852,350852,35,SALT LAKE
853,350853,35,SALT LAKE
854,350854,35,SALT LAKE
855,350855,35,SALT LAKE
856,350856,35,SALT LAKE
857,350857,35,SALT LAKE
858,350858,35,SALT LAKE
859,350859,35,SALT LAKE
860,350860,35,SALT LAKE
861,350861,35,SALT LAKE
862,350862,35,SALT LAKE
863,350863,35,SALT LAKE
864,350864,35,SALT LAKE
865,350865,35,SALT LAKE
866,350866,35,SALT LAKE
867,350867,35,SALT LAKE
868,350868,35,SALT LAKE
869,350869,35,SALT LAKE
870,350870,35,SALT LAKE
871,350871,35,SALT LAKE
872,350872,35,SALT LAKE
873,350873,35,SALT LAKE
874,350874,35,SALT LAKE
875,350875,35,SALT LAKE
876,350876,35,SALT LAKE
877,350877,35,SALT LAKE
878,350878,35,SALT LAKE
879,350879,35,SALT LAKE
880,350880,35,SALT LAKE
881,350881,35,SALT LAKE
882,350882,35,SALT LAKE
883,350883,35,SALT LAKE
884,350884,35,SALT LAKE
885,350885,35,SALT LAKE
886,350886,35,SALT LAKE
887,350887,35,SALT LAKE
888,350888,35,SALT LAKE
889,350889,35,SALT LAKE
890,350890,35,SALT LAKE
891,350891,35,SALT LAKE
892,350892,35,SALT LAKE
893,350893,35,SALT LAKE
894,350894,35,SALT LAKE
895,350895,35,SALT LAKE
896,350896,35,SALT LAKE
897,350897,35,SALT LAKE
898,350898,35,SALT LAKE
899,350899,35,SALT LAKE
900,350900,35,SALT LAKE
901,350901,35,SALT LAKE
902,350902,35,SALT LAKE
903,350903,35,SALT LAKE
904,350904,35,SALT LAKE
905,350905,35,SALT LAKE
906,350906,35,SALT LAKE
907,350907,35,SALT LAKE
908,350908,35,SALT LAKE
909,350909,35,SALT LAKE
910,350910,35,SALT LAKE
911,350911,35,SALT LAKE
912,350912,35,SALT LAKE
913,350913,35,SALT LAKE
914,350914,35,SALT LAKE
915,350915,35,SALT LAKE
916,350916,35,SALT LAKE
917,350917,35,SALT LAKE
918,350918,35,SALT LAKE
919,350919,35,SALT LAKE
920,350920,35,SALT LAKE
921,350921,35,SALT LAKE
922,350922,35,SALT LAKE
923,350923,35,SALT LAKE
924,350924,35,SALT LAKE
925,350925,35,SALT LAKE
926,350926,35,SALT LAKE
927,350927,35,SALT LAKE
928,350928,35,SALT LAKE
929,350929,35,SALT LAKE
930,350930,35,SALT LAKE
931,350931,35,SALT LAKE
932,350932,35,SALT LAKE
933,350933,35,SALT LAKE
934,350934,35,SALT LAKE
935,350935,35,SALT LAKE
936,350936,35,SALT LAKE
937,350937,35,SALT LAKE
938,350938,35,SALT LAKE
939,350939,35,SALT LAKE
940,350940,35,SALT LAKE
941,350941,35,SALT LAKE
942,350942,35,SALT LAKE
943,350943,35,SALT LAKE
944,350944,35,SALT LAKE
945,350945,35,SALT LAKE
946,350946,35,SALT LAKE
947,350947,35,SALT LAKE
948,350948,35,SALT LAKE
949,350949,35,SALT LAKE
950,350950,35,SALT LAKE
951,350951,35,SALT LAKE
952,350952,35,SALT LAKE
953,350953,35,SALT LAKE
954,350954,35,SALT LAKE
955,350955,35,SALT LAKE
956,350956,35,SALT LAKE
957,350957,35,SALT LAKE
958,350958,35,SALT LAKE
959,350959,35,SALT LAKE
960,350960,35,SALT LAKE
961,350961,35,SALT LAKE
962,350962,35,SALT LAKE
963,350963,35,SALT LAKE
964,350964,35,SALT LAKE
965,350965,35,SALT LAKE
966,350966,35,SALT LAKE
967,350967,35,SALT LAKE
968,350968,35,SALT LAKE
969,350969,35,SALT LAKE
970,350970,35,SALT LAKE
971,350971,35,SALT LAKE
972,350972,35,SALT LAKE
973,350973,35,SALT LAKE
974,350974,35,SALT LAKE
975,350975,35,SALT LAKE
976,350976,35,SALT LAKE
977,350977,35,SALT LAKE
978,350978,35,SALT LAKE
979,350979,35,SALT LAKE
980,350980,35,SALT LAKE
981,350981,35,SALT LAKE
982,350982,35,SALT LAKE
983,350983,35,SALT LAKE
984,350984,35,SALT LAKE
985,350985,35,SALT LAKE
986,350986,35,SALT LAKE
987,350987,35,SALT LAKE
988,350988,35,SALT LAKE
989,350989,35,SALT LAKE
990,350990,35,SALT LAKE
991,350991,35,SALT LAKE
992,350992,35,SALT LAKE
993,350993,35,SALT LAKE
994,350994,35,SALT LAKE
995,350995,35,SALT LAKE
996,350996,35,SALT LAKE
997,350997,35,SALT LAKE
998,350998,35,SALT LAKE
999,350999,35,SALT LAKE
1000,351000,35,SALT LAKE
1001,351001,35,SALT LAKE
1002,351002,35,SALT LAKE
1003,351003,35,SALT LAKE
1004,351004,35,SALT LAKE
1005,351005,35,SALT LAKE
1006,351006,35,SALT LAKE
1007,351007,35,SALT LAKE
1008,351008,35,SALT LAKE
1009,351009,35,SALT LAKE
1010,351010,35,SALT LAKE
1011,351011,35,SALT LAKE
1012,351012,35,SALT LAKE
1013,351013,35,SALT LAKE
1014,351014,35,SALT LAKE
1015,351015,35,SALT LAKE
1016,351016,35,SALT LAKE
1017,351017,35,SALT LAKE
1018,351018,35,SALT LAKE
1019,351019,35,SALT LAKE
1020,351020,35,SALT LAKE
1021,351021,35,SALT LAKE
1022,351022,35,SALT LAKE
1023,351023,35,SALT LAKE
1024,351024,35,SALT LAKE
1025,351025,35,SALT LAKE
1026,351026,35,SALT LAKE
1027,351027,35,SALT LAKE
1028,351028,35,SALT LAKE
1029,351029,35,SALT LAKE
1030,351030,35,SALT LAKE
1031,351031,35,SALT LAKE
1032,351032,35,SALT LAKE
1033,351033,35,SALT LAKE
1034,351034,35,SALT LAKE
1035,351035,35,SALT LAKE
1036,351036,35,SALT LAKE
1037,351037,35,SALT LAKE
1038,351038,35,SALT LAKE
1039,351039,35,SALT LAKE
1040,351040,35,SALT LAKE
1041,351041,35,SALT LAKE
1042,351042,35,SALT LAKE
1043,351043,35,SALT LAKE
1044,351044,35,SALT LAKE
1045,351045,35,SALT LAKE
1046,351046,35,SALT LAKE
1047,351047,35,SALT LAKE
1048,351048,35,SALT LAKE
1049,351049,35,SALT LAKE
1050,351050,35,SALT LAKE
1051,351051,35,SALT LAKE
1052,351052,35,SALT LAKE
1053,351053,35,SALT LAKE
1054,351054,35,SALT LAKE
1055,351055,35,SALT LAKE
1056,351056,35,SALT LAKE
1057,351057,35,SALT LAKE
1058,351058,35,SALT LAKE
1059,351059,35,SALT LAKE
1060,351060,35,SALT LAKE
1061,351061,35,SALT LAKE
1062,351062,35,SALT LAKE
1063,351063,35,SALT LAKE
1064,351064,35,SALT LAKE
1065,351065,35,SALT LAKE
1066,351066,35,SALT LAKE
1067,351067,35,SALT LAKE
1068,351068,35,SALT LAKE
1069,351069,35,SALT LAKE
1070,351070,35,SALT LAKE
1071,351071,35,SALT LAKE
1072,351072,35,SALT LAKE
1073,351073,35,SALT LAKE
1074,351074,35,SALT LAKE
1075,351075,35,SALT LAKE
1076,351076,35,SALT LAKE
1077,351077,35,SALT LAKE
1078,351078,35,SALT LAKE
1079,351079,35,SALT LAKE
1080,351080,35,SALT LAKE
1081,351081,35,SALT LAKE
1082,351082,35,SALT LAKE
1083,351083,35,SALT LAKE
1084,351084,35,SALT LAKE
1085,351085,35,SALT LAKE
1086,351086,35,SALT LAKE
1087,351087,35,SALT LAKE
1088,351088,35,SALT LAKE
1089,351089,35,SALT LAKE
1090,351090,35,SALT LAKE
1091,351091,35,SALT LAKE
1092,351092,35,SALT LAKE
1093,351093,35,SALT LAKE
1094,351094,35,SALT LAKE
1095,351095,35,SALT LAKE
1096,351096,35,SALT LAKE
1097,351097,35,SALT LAKE
1098,351098,35,SALT LAKE
1099,351099,35,SALT LAKE
1100,351100,35,SALT LAKE
1101,351101,35,SALT LAKE
1102,351102,35,SALT LAKE
1103,351103,35,SALT LAKE
1104,351104,35,SALT LAKE
1105,351105,35,SALT LAKE
1106,351106,35,SALT LAKE
1107,351107,35,SALT LAKE
1108,351108,35,SALT LAKE
1109,351109,35,SALT LAKE
1110,351110,35,SALT LAKE
1111,351111,35,SALT LAKE
1112,351112,35,SALT LAKE
1113,351113,35,SALT LAKE
1114,351114,35,SALT LAKE
1115,351115,35,SALT LAKE
1116,351116,35,SALT LAKE
1117,351117,35,SALT LAKE
1118,351118,35,SALT LAKE
1119,351119,35,SALT LAKE
1120,351120,35,SALT LAKE
1121,351121,35,SALT LAKE
1122,351122,35,SALT LAKE
1123,351123,35,SALT LAKE
1124,351124,35,SALT LAKE
1125,351125,35,SALT LAKE
1126,351126,35,SALT LAKE
1127,351127,35,SALT LAKE
1128,351128,35,SALT LAKE
1129,351129,35,SALT LAKE
1130,351130,35,SALT LAKE
1131,351131,35,SALT LAKE
1132,351132,35,SALT LAKE
1133,351133,35,SALT LAKE
1134,351134,35,SALT LAKE
1135,351135,35,SALT LAKE
1136,351136,35,SALT LAKE
1137,351137,35,SALT LAKE
1138,351138,35,SALT LAKE
1139,351139,35,SALT LAKE
1140,351140,35,SALT LAKE
1141,351141,35,SALT LAKE
1142,351142,35,SALT LAKE
1143,351143,35,SALT LAKE
1144,351144,35,SALT LAKE
1145,351145,35,SALT LAKE
1146,351146,35,SALT LAKE
1147,351147,35,SALT LAKE
1148,351148,35,SALT LAKE
1149,351149,35,SALT LAKE
1150,351150,35,SALT LAKE
1151,351151,35,SALT LAKE
1152,351152,35,SALT LAKE
1153,351153,35,SALT LAKE
1154,351154,35,SALT LAKE
1155,351155,35,SALT LAKE
1156,351156,35,SALT LAKE
1157,351157,35,SALT LAKE
1158,351158,35,SALT LAKE
1159,351159,35,SALT LAKE
1160,351160,35,SALT LAKE
1161,351161,35,SALT LAKE
1162,351162,35,SALT LAKE
1163,351163,35,SALT LAKE
1164,351164,35,SALT LAKE
1165,351165,35,SALT LAKE
1166,351166,35,SALT LAKE
1167,351167,35,SALT LAKE
1168,351168,35,SALT LAKE
1169,351169,35,SALT LAKE
1170,351170,35,SALT LAKE
1171,351171,35,SALT LAKE
1172,351172,35,SALT LAKE
1173,351173,35,SALT LAKE
1174,351174,35,SALT LAKE
1175,351175,35,SALT LAKE
1176,351176,35,SALT LAKE
1177,351177,35,SALT LAKE
1178,351178,35,SALT LAKE
1179,351179,35,SALT LAKE
1180,351180,35,SALT LAKE
1181,351181,35,SALT LAKE
1182,351182,35,SALT LAKE
1183,351183,35,SALT LAKE
1184,351184,35,SALT LAKE
1185,351185,35,SALT LAKE
1186,351186,35,SALT LAKE
1187,351187,35,SALT LAKE
1188,351188,35,SALT LAKE
1189,351189,35,SALT LAKE
1190,351190,35,SALT LAKE
1191,351191,35,SALT LAKE
1192,351192,35,SALT LAKE
1193,351193,35,SALT LAKE
1194,351194,35,SALT LAKE
1195,351195,35,SALT LAKE
1196,351196,35,SALT LAKE
1197,351197,35,SALT LAKE
1198,351198,35,SALT LAKE
1199,351199,35,SALT LAKE
1200,351200,35,SALT LAKE
1201,351201,35,SALT LAKE
1202,351202,35,SALT LAKE
1203,351203,35,SALT LAKE
1204,351204,35,SALT LAKE
1205,351205,35,SALT LAKE
1206,351206,35,SALT LAKE
1207,351207,35,SALT LAKE
1208,351208,35,SALT LAKE
1209,351209,35,SALT LAKE
1210,351210,35,SALT LAKE
1211,351211,35,SALT LAKE
1212,351212,35,SALT LAKE
1213,351213,35,SALT LAKE
1214,351214,35,SALT LAKE
1215,351215,35,SALT LAKE
1216,351216,35,SALT LAKE
1217,351217,35,SALT LAKE
1218,351218,35,SALT LAKE
1219,351219,35,SALT LAKE
1220,351220,35,SALT LAKE
1221,351221,35,SALT LAKE
1222,351222,35,SALT LAKE
1223,351223,35,SALT LAKE
1224,351224,35,SALT LAKE
1225,351225,35,SALT LAKE
1226,351226,35,SALT LAKE
1227,351227,35,SALT LAKE
1228,351228,35,SALT LAKE
1229,351229,35,SALT LAKE
1230,351230,35,SALT LAKE
1231,351231,35,SALT LAKE
1232,351232,35,SALT LAKE
1233,351233,35,SALT LAKE
1234,351234,35,SALT LAKE
1235,351235,35,SALT LAKE
1236,351236,35,SALT LAKE
1237,351237,35,SALT LAKE
1238,351238,35,SALT LAKE
1239,351239,35,SALT LAKE
1240,351240,35,SALT LAKE
1241,351241,35,SALT LAKE
1242,351242,35,SALT LAKE
1243,351243,35,SALT LAKE
1244,351244,35,SALT LAKE
1245,351245,35,SALT LAKE
1246,351246,35,SALT LAKE
1247,351247,35,SALT LAKE
1248,351248,35,SALT LAKE
1249,351249,35,SALT LAKE
1250,351250,35,SALT LAKE
1251,351251,35,SALT LAKE
1252,351252,35,SALT LAKE
1253,351253,35,SALT LAKE
1254,351254,35,SALT LAKE
1255,351255,35,SALT LAKE
1256,351256,35,SALT LAKE
1257,351257,35,SALT LAKE
1258,351258,35,SALT LAKE
1259,351259,35,SALT LAKE
1260,351260,35,SALT LAKE
1261,351261,35,SALT LAKE
1262,351262,35,SALT LAKE
1263,351263,35,SALT LAKE
1264,351264,35,SALT LAKE
1265,351265,35,SALT LAKE
1266,351266,35,SALT LAKE
1267,351267,35,SALT LAKE
1268,351268,35,SALT LAKE
1269,351269,35,SALT LAKE
1270,351270,35,SALT LAKE
1271,351271,35,SALT LAKE
1272,351272,35,SALT LAKE
1273,351273,35,SALT LAKE
1274,351274,35,SALT LAKE
1275,351275,35,SALT LAKE
1276,351276,35,SALT LAKE
1277,351277,35,SALT LAKE
1278,351278,35,SALT LAKE
1279,351279,35,SALT LAKE
1280,351280,35,SALT LAKE
1281,351281,35,SALT LAKE
1282,351282,35,SALT LAKE
1283,351283,35,SALT LAKE
1284,351284,35,SALT LAKE
1285,351285,35,SALT LAKE
1286,351286,35,SALT LAKE
1287,351287,35,SALT LAKE
1288,351288,35,SALT LAKE
1289,351289,35,SALT LAKE
1290,351290,35,SALT LAKE
1291,351291,35,SALT LAKE
1292,351292,35,SALT LAKE
1293,351293,35,SALT LAKE
1294,351294,35,SALT LAKE
1295,351295,35,SALT LAKE
1296,351296,35,SALT LAKE
1297,351297,35,SALT LAKE
1298,351298,35,SALT LAKE
1299,351299,35,SALT LAKE
1300,351300,35,SALT LAKE
1301,351301,35,SALT LAKE
1302,351302,35,SALT LAKE
1303,351303,35,SALT LAKE
1304,351304,35,SALT LAKE
1305,351305,35,SALT LAKE
1306,351306,35,SALT LAKE
1307,351307,35,SALT LAKE
1308,351308,35,SALT LAKE
1309,351309,35,SALT LAKE
1310,351310,35,SALT LAKE
1311,351311,35,SALT LAKE
1312,351312,35,SALT LAKE
1313,351313,35,SALT LAKE
1314,351314,35,SALT LAKE
1315,351315,35,SALT LAKE
1316,351316,35,SALT LAKE
1317,351317,35,SALT LAKE
1318,351318,35,SALT LAKE
1319,351319,35,SALT LAKE
1320,351320,35,SALT LAKE
1321,351321,35,SALT LAKE
1322,351322,35,SALT LAKE
1323,351323,35,SALT LAKE
1324,351324,35,SALT LAKE
1325,351325,35,SALT LAKE
1326,351326,35,SALT LAKE
1327,351327,35,SALT LAKE
1328,351328,35,SALT LAKE
1329,351329,35,SALT LAKE
1330,351330,35,SALT LAKE
1331,351331,35,SALT LAKE
1332,351332,35,SALT LAKE
1333,351333,35,SALT LAKE
1334,351334,35,SALT LAKE
1335,351335,35,SALT LAKE
1336,351336,35,SALT LAKE
1337,351337,35,SALT LAKE
1338,351338,35,SALT LAKE
1339,351339,35,SALT LAKE
1340,351340,35,SALT LAKE
1341,351341,35,SALT LAKE
1342,351342,35,SALT LAKE
1343,351343,35,SALT LAKE
1344,351344,35,SALT LAKE
1345,351345,35,SALT LAKE
1346,351346,35,SALT LAKE
1347,351347,35,SALT LAKE
1348,351348,35,SALT LAKE
1349,351349,35,SALT LAKE
1350,351350,35,SALT LAKE
1351,351351,35,SALT LAKE
1352,351352,35,SALT LAKE
1353,351353,35,SALT LAKE
1354,351354,35,SALT LAKE
1355,351355,35,SALT LAKE
1356,351356,35,SALT LAKE
1357,351357,35,SALT LAKE
1358,351358,35,SALT LAKE
1359,351359,35,SALT LAKE
1360,351360,35,SALT LAKE
1361,351361,35,SALT LAKE
1362,351362,35,SALT LAKE
1363,351363,35,SALT LAKE
1364,351364,35,SALT LAKE
1365,351365,35,SALT LAKE
1366,351366,35,SALT LAKE
1367,351367,35,SALT LAKE
1368,351368,35,SALT LAKE
1369,351369,35,SALT LAKE
1370,351370,35,SALT LAKE
1371,351371,35,SALT LAKE
1372,351372,35,SALT LAKE
1373,351373,35,SALT LAKE
1374,351374,35,SALT LAKE
1375,351375,35,SALT LAKE
1376,351376,35,SALT LAKE
1377,351377,35,SALT LAKE
1378,351378,35,SALT LAKE
1379,351379,35,SALT LAKE
1380,351380,35,SALT LAKE
1381,351381,35,SALT LAKE
1382,351382,35,SALT LAKE
1383,351383,35,SALT LAKE
1384,351384,35,SALT LAKE
1385,351385,35,SALT LAKE
1386,351386,35,SALT LAKE
1387,351387,35,SALT LAKE
1388,351388,35,SALT LAKE
1389,351389,35,SALT LAKE
1390,351390,35,SALT LAKE
1391,351391,35,SALT LAKE
1392,351392,35,SALT LAKE
1393,351393,35,SALT LAKE
1394,351394,35,SALT LAKE
1395,351395,35,SALT LAKE
1396,351396,35,SALT LAKE
1397,351397,35,SALT LAKE
1398,351398,35,SALT LAKE
1399,351399,35,SALT LAKE
1400,351400,35,SALT LAKE
1401,351401,35,SALT LAKE
1402,351402,35,SALT LAKE
1403,351403,35,SALT LAKE
1404,351404,35,SALT LAKE
1405,351405,35,SALT LAKE
1406,351406,35,SALT LAKE
1407,351407,35,SALT LAKE
1408,351408,35,SALT LAKE
1409,351409,35,SALT LAKE
1410,351410,35,SALT LAKE
1411,351411,35,SALT LAKE
1412,351412,35,SALT LAKE
1413,351413,35,SALT LAKE
1414,351414,35,SALT LAKE
1415,351415,35,SALT LAKE
1416,351416,35,SALT LAKE
1417,351417,35,SALT LAKE
1418,351418,35,SALT LAKE
1419,351419,35,SALT LAKE
1420,351420,35,SALT LAKE
1421,351421,35,SALT LAKE
1422,351422,35,SALT LAKE
1423,351423,35,SALT LAKE
1424,351424,35,SALT LAKE
1425,351425,35,SALT LAKE
1426,351426,35,SALT LAKE
1427,351427,35,SALT LAKE
1428,351428,35,SALT LAKE
1429,351429,35,SALT LAKE
1430,351430,35,SALT LAKE
1431,351431,35,SALT LAKE
1432,351432,35,SALT LAKE
1433,351433,35,SALT LAKE
1434,351434,35,SALT LAKE
1435,351435,35,SALT LAKE
1436,351436,35,SALT LAKE
1437,351437,35,SALT LAKE
1438,351438,35,SALT LAKE
1439,351439,35,SALT LAKE
1440,351440,35,SALT LAKE
1441,351441,35,SALT LAKE
1442,351442,35,SALT LAKE
1443,351443,35,SALT LAKE
1444,351444,35,SALT LAKE
1445,351445,35,SALT LAKE
1446,351446,35,SALT LAKE
1447,351447,35,SALT LAKE
1448,351448,35,SALT LAKE
1449,351449,35,SALT LAKE
1450,351450,35,SALT LAKE
1451,351451,35,SALT LAKE
1452,351452,35,SALT LAKE
1453,351453,35,SALT LAKE
1454,351454,35,SALT LAKE
1455,351455,35,SALT LAKE
1456,351456,35,SALT LAKE
1457,351457,35,SALT LAKE
1458,351458,35,SALT LAKE
1459,351459,35,SALT LAKE
1460,351460,35,SALT LAKE
1461,351461,35,SALT LAKE
1462,351462,35,SALT LAKE
1463,351463,35,SALT LAKE
1464,351464,35,SALT LAKE
1465,351465,35,SALT LAKE
1466,351466,35,SALT LAKE
1467,351467,35,SALT LAKE
1468,351468,35,SALT LAKE
1469,351469,35,SALT LAKE
1470,351470,35,SALT LAKE
1471,351471,35,SALT LAKE
1472,351472,35,SALT LAKE
1473,351473,35,SALT LAKE
1474,351474,35,SALT LAKE
1475,351475,35,SALT LAKE
1476,351476,35,SALT LAKE
1477,351477,35,SALT LAKE
1478,351478,35,SALT LAKE
1479,351479,35,SALT LAKE
1480,351480,35,SALT LAKE
1481,351481,35,SALT LAKE
1482,351482,35,SALT LAKE
1483,351483,35,SALT LAKE
1484,351484,35,SALT LAKE
1485,351485,35,SALT LAKE
1486,351486,35,SALT LAKE
1487,351487,35,SALT LAKE
1488,351488,35,SALT LAKE
1489,351489,35,SALT LAKE
1490,351490,35,SALT LAKE
1491,351491,35,SALT LAKE
1492,351492,35,SALT LAKE
1493,351493,35,SALT LAKE
1494,351494,35,SALT LAKE
1495,351495,35,SALT LAKE
1496,351496,35,SALT LAKE
1497,351497,35,SALT LAKE
1498,351498,35,SALT LAKE
1499,351499,35,SALT LAKE
1500,351500,35,SALT LAKE
1501,351501,35,SALT LAKE
1502,351502,35,SALT LAKE
1503,351503,35,SALT LAKE
1504,351504,35,SALT LAKE
1505,351505,35,SALT LAKE
1506,351506,35,SALT LAKE
1507,351507,35,SALT LAKE
1508,351508,35,SALT LAKE
1509,351509,35,SALT LAKE
1510,351510,35,SALT LAKE
1511,351511,35,SALT LAKE
1512,351512,35,SALT LAKE
1513,351513,35,SALT LAKE
1514,351514,35,SALT LAKE
1515,351515,35,SALT LAKE
1516,351516,35,SALT LAKE
1517,351517,35,SALT LAKE
1518,351518,35,SALT LAKE
1519,351519,35,SALT LAKE
1520,351520,35,SALT LAKE
1521,351521,35,SALT LAKE
1522,351522,35,SALT LAKE
1523,351523,35,SALT LAKE
1524,351524,35,SALT LAKE
1525,351525,35,SALT LAKE
1526,351526,35,SALT LAKE
1527,351527,35,SALT LAKE
1528,351528,35,SALT LAKE
1529,351529,35,SALT LAKE
1530,351530,35,SALT LAKE
1531,351531,35,SALT LAKE
1532,351532,35,SALT LAKE
1533,351533,35,SALT LAKE
1534,351534,35,SALT LAKE
1535,351535,35,SALT LAKE
1536,351536,35,SALT LAKE
1537,351537,35,SALT LAKE
1538,351538,35,SALT LAKE
1539,351539,35,SALT LAKE
1540,351540,35,SALT LAKE
1541,351541,35,SALT LAKE
1542,351542,35,SALT LAKE
1543,351543,35,SALT LAKE
1544,351544,35,SALT LAKE
1545,351545,35,SALT LAKE
1546,351546,35,SALT LAKE
1547,351547,35,SALT LAKE
1548,351548,35,SALT LAKE
1549,351549,35,SALT LAKE
1550,351550,35,SALT LAKE
1551,351551,35,SALT LAKE
1552,351552,35,SALT LAKE
1553,351553,35,SALT LAKE
1554,351554,35,SALT LAKE
1555,351555,35,SALT LAKE
1556,351556,35,SALT LAKE
1557,351557,35,SALT LAKE
1558,351558,35,SALT LAKE
1559,351559,35,SALT LAKE
1560,351560,35,SALT LAKE
1561,351561,35,SALT LAKE
1562,351562,35,SALT LAKE
1563,351563,35,SALT LAKE
1564,351564,35,SALT LAKE
1565,351565,35,SALT LAKE
1566,351566,35,SALT LAKE
1567,351567,35,SALT LAKE
1568,351568,35,SALT LAKE
1569,351569,35,SALT LAKE
1570,351570,35,SALT LAKE
1571,351571,35,SALT LAKE
1572,351572,35,SALT LAKE
1573,351573,35,SALT LAKE
1574,351574,35,SALT LAKE
1575,351575,35,SALT LAKE
1576,351576,35,SALT LAKE
1577,351577,35,SALT LAKE
1578,351578,35,SALT LAKE
1579,351579,35,SALT LAKE
1580,351580,35,SALT LAKE
1581,351581,35,SALT LAKE
1582,351582,35,SALT LAKE
1583,351583,35,SALT LAKE
1584,351584,35,SALT LAKE
1585,351585,35,SALT LAKE
1586,351586,35,SALT LAKE
1587,351587,35,SALT LAKE
1588,351588,35,SALT LAKE
1589,351589,35,SALT LAKE
1590,351590,35,SALT LAKE
1591,351591,35,SALT LAKE
1592,351592,35,SALT LAKE
1593,351593,35,SALT LAKE
1594,351594,35,SALT LAKE
1595,351595,35,SALT LAKE
1596,351596,35,SALT LAKE
1597,351597,35,SALT LAKE
1598,351598,35,SALT LAKE
1599,351599,35,SALT LAKE
1600,351600,35,SALT LAKE
1601,351601,35,SALT LAKE
1602,351602,35,SALT LAKE
1603,351603,35,SALT LAKE
1604,351604,35,SALT LAKE
1605,351605,35,SALT LAKE
1606,351606,35,SALT LAKE
1607,351607,35,SALT LAKE
1608,351608,35,SALT LAKE
1609,351609,35,SALT LAKE
1610,351610,35,SALT LAKE
1611,351611,35,SALT LAKE
1612,351612,35,SALT LAKE
1613,351613,35,SALT LAKE
1614,351614,35,SALT LAKE
1615,351615,35,SALT LAKE
1616,351616,35,SALT LAKE
1617,351617,35,SALT LAKE
1618,351618,35,SALT LAKE
1619,351619,35,SALT LAKE
1620,351620,35,SALT LAKE
1621,351621,35,SALT LAKE
1622,351622,35,SALT LAKE
1623,351623,35,SALT LAKE
1624,351624,35,SALT LAKE
1625,351625,35,SALT LAKE
1626,351626,35,SALT LAKE
1627,351627,35,SALT LAKE
1628,351628,35,SALT LAKE
1629,351629,35,SALT LAKE
1630,351630,35,SALT LAKE
1631,351631,35,SALT LAKE
1632,351632,35,SALT LAKE
1633,351633,35,SALT LAKE
1634,351634,35,SALT LAKE
1635,351635,35,SALT LAKE
1636,351636,35,SALT LAKE
1637,351637,35,SALT LAKE
1638,351638,35,SALT LAKE
1639,351639,35,SALT LAKE
1640,351640,35,SALT LAKE
1641,351641,35,SALT LAKE
1642,351642,35,SALT LAKE
1643,351643,35,SALT LAKE
1644,351644,35,SALT LAKE
1645,351645,35,SALT LAKE
1646,351646,35,SALT LAKE
1647,351647,35,SALT LAKE
1648,351648,35,SALT LAKE
1649,351649,35,SALT LAKE
1650,351650,35,SALT LAKE
1651,351651,35,SALT LAKE
1652,351652,35,SALT LAKE
1653,351653,35,SALT LAKE
1654,351654,35,SALT LAKE
1655,351655,35,SALT LAKE
1656,351656,35,SALT LAKE
1657,351657,35,SALT LAKE
1658,351658,35,SALT LAKE
1659,351659,35,SALT LAKE
1660,351660,35,SALT LAKE
1661,351661,35,SALT LAKE
1662,351662,35,SALT LAKE
1663,351663,35,SALT LAKE
1664,351664,35,SALT LAKE
1665,351665,35,SALT LAKE
1666,351666,35,SALT LAKE
1667,351667,35,SALT LAKE
1668,351668,35,SALT LAKE
1669,351669,35,SALT LAKE
1670,351670,35,SALT LAKE
1671,351671,35,SALT LAKE
1672,351672,35,SALT LAKE
1673,351673,35,SALT LAKE
1674,351674,35,SALT LAKE
1675,351675,35,SALT LAKE
1676,351676,35,SALT LAKE
1677,351677,35,SALT LAKE
1678,351678,35,SALT LAKE
1679,351679,35,SALT LAKE
1680,351680,35,SALT LAKE
1681,351681,35,SALT LAKE
1682,351682,35,SALT LAKE
1683,351683,35,SALT LAKE
1684,351684,35,SALT LAKE
1685,351685,35,SALT LAKE
1686,351686,35,SALT LAKE
1687,351687,35,SALT LAKE
1688,351688,35,SALT LAKE
1689,351689,35,SALT LAKE
1690,351690,35,SALT LAKE
1691,351691,35,SALT LAKE
1692,351692,35,SALT LAKE
1693,351693,35,SALT LAKE
1694,351694,35,SALT LAKE
1695,351695,35,SALT LAKE
1696,351696,35,SALT LAKE
1697,351697,35,SALT LAKE
1698,351698,35,SALT LAKE
1699,351699,35,SALT LAKE
1700,351700,35,SALT LAKE
1701,351701,35,SALT LAKE
1702,351702,35,SALT LAKE
1703,351703,35,SALT LAKE
1704,351704,35,SALT LAKE
1705,351705,35,SALT LAKE
1706,351706,35,SALT LAKE
1707,351707,35,SALT LAKE
1708,351708,35,SALT LAKE
1709,351709,35,SALT LAKE
1710,351710,35,SALT LAKE
1711,351711,35,SALT LAKE
1712,351712,35,SALT LAKE
1713,351713,35,SALT LAKE
1714,351714,35,SALT LAKE
1715,351715,35,SALT LAKE
1716,351716,35,SALT LAKE
1717,351717,35,SALT LAKE
1718,351718,35,SALT LAKE
1719,351719,35,SALT LAKE
1720,351720,35,SALT LAKE
1721,351721,35,SALT LAKE
1722,351722,35,SALT LAKE
1723,351723,35,SALT LAKE
1724,351724,35,SALT LAKE
1725,351725,35,SALT LAKE
1726,351726,35,SALT LAKE
1727,351727,35,SALT LAKE
1728,351728,35,SALT LAKE
1729,351729,35,SALT LAKE
1730,351730,35,SALT LAKE
1731,351731,35,SALT LAKE
1732,351732,35,SALT LAKE
1733,351733,35,SALT LAKE
1734,351734,35,SALT LAKE
1735,351735,35,SALT LAKE
1736,351736,35,SALT LAKE
1737,351737,35,SALT LAKE
1738,351738,35,SALT LAKE
1739,351739,35,SALT LAKE
1740,351740,35,SALT LAKE
1741,351741,35,SALT LAKE
1742,351742,35,SALT LAKE
1743,351743,35,SALT LAKE
1744,351744,35,SALT LAKE
1745,351745,35,SALT LAKE
1746,351746,35,SALT LAKE
1747,351747,35,SALT LAKE
1748,351748,35,SALT LAKE
1749,351749,35,SALT LAKE
1750,351750,35,SALT LAKE
1751,351751,35,SALT LAKE
1752,351752,35,SALT LAKE
1753,351753,35,SALT LAKE
1754,351754,35,SALT LAKE
1755,351755,35,SALT LAKE
1756,351756,35,SALT LAKE
1757,351757,35,SALT LAKE
1758,351758,35,SALT LAKE
1759,351759,35,SALT LAKE
1760,351760,35,SALT LAKE
1761,351761,35,SALT LAKE
1762,351762,35,SALT LAKE
1763,351763,35,SALT LAKE
1764,351764,35,SALT LAKE
1765,351765,35,SALT LAKE
1766,351766,35,SALT LAKE
1767,351767,35,SALT LAKE
1768,351768,35,SALT LAKE
1769,351769,35,SALT LAKE
1770,351770,35,SALT LAKE
1771,351771,35,SALT LAKE
1772,351772,35,SALT LAKE
1773,351773,35,SALT LAKE
1774,351774,35,SALT LAKE
1775,351775,35,SALT LAKE
1776,351776,35,SALT LAKE
1777,351777,35,SALT LAKE
1778,351778,35,SALT LAKE
1779,351779,35,SALT LAKE
1780,351780,35,SALT LAKE
1781,351781,35,SALT LAKE
1782,351782,0,external
1783,351783,0,external
1784,351784,0,external
1785,351785,0,external
1786,351786,0,external
1787,351787,0,external
1788,351788,0,external
1789,491789,49,UTAH
1790,491790,49,UTAH
1791,491791,49,UTAH
1792,491792,49,UTAH
1793,491793,49,UTAH
1794,491794,49,UTAH
1795,491795,49,UTAH
1796,491796,49,UTAH
1797,491797,49,UTAH
1798,491798,49,UTAH
1799,491799,49,UTAH
1800,491800,49,UTAH
1801,491801,49,UTAH
1802,491802,49,UTAH
1803,491803,49,UTAH
1804,491804,49,UTAH
1805,491805,49,UTAH
1806,491806,49,UTAH
1807,491807,49,UTAH
1808,491808,49,UTAH
1809,491809,49,UTAH
1810,491810,49,UTAH
1811,491811,49,UTAH
1812,491812,49,UTAH
1813,491813,49,UTAH
1814,491814,49,UTAH
1815,491815,49,UTAH
1816,491816,49,UTAH
1817,491817,49,UTAH
1818,491818,49,UTAH
1819,491819,49,UTAH
1820,491820,49,UTAH
1821,491821,49,UTAH
1822,491822,49,UTAH
1823,491823,49,UTAH
1824,491824,49,UTAH
1825,491825,49,UTAH
1826,491826,49,UTAH
1827,491827,49,UTAH
1828,491828,49,UTAH
1829,491829,49,UTAH
1830,491830,49,UTAH
1831,491831,49,UTAH
1832,491832,49,UTAH
1833,491833,49,UTAH
1834,491834,49,UTAH
1835,491835,49,UTAH
1836,491836,49,UTAH
1837,491837,49,UTAH
1838,491838,49,UTAH
1839,491839,49,UTAH
1840,491840,49,UTAH
1841,491841,49,UTAH
1842,491842,49,UTAH
1843,491843,49,UTAH
1844,491844,49,UTAH
1845,491845,49,UTAH
1846,491846,49,UTAH
1847,491847,49,UTAH
1848,491848,49,UTAH
1849,491849,49,UTAH
1850,491850,49,UTAH
1851,491851,49,UTAH
1852,491852,49,UTAH
1853,491853,49,UTAH
1854,491854,49,UTAH
1855,491855,49,UTAH
1856,491856,49,UTAH
1857,491857,49,UTAH
1858,491858,49,UTAH
1859,491859,49,UTAH
1860,491860,49,UTAH
1861,491861,49,UTAH
1862,491862,49,UTAH
1863,491863,49,UTAH
1864,491864,49,UTAH
1865,491865,49,UTAH
1866,491866,49,UTAH
1867,491867,49,UTAH
1868,491868,49,UTAH
1869,491869,49,UTAH
1870,491870,49,UTAH
1871,491871,49,UTAH
1872,491872,49,UTAH
1873,491873,49,UTAH
1874,491874,49,UTAH
1875,491875,49,UTAH
1876,491876,49,UTAH
1877,491877,49,UTAH
1878,491878,49,UTAH
1879,491879,49,UTAH
1880,491880,49,UTAH
1881,491881,49,UTAH
1882,491882,49,UTAH
1883,491883,49,UTAH
1884,491884,49,UTAH
1885,491885,49,UTAH
1886,491886,49,UTAH
1887,491887,49,UTAH
1888,491888,49,UTAH
1889,491889,49,UTAH
1890,491890,49,UTAH
1891,491891,49,UTAH
1892,491892,49,UTAH
1893,491893,49,UTAH
1894,491894,49,UTAH
1895,491895,49,UTAH
1896,491896,49,UTAH
1897,491897,49,UTAH
1898,491898,49,UTAH
1899,491899,49,UTAH
1900,491900,49,UTAH
1901,491901,49,UTAH
1902,491902,49,UTAH
1903,491903,49,UTAH
1904,491904,49,UTAH
1905,491905,49,UTAH
1906,491906,49,UTAH
1907,491907,49,UTAH
1908,491908,49,UTAH
1909,491909,49,UTAH
1910,491910,49,UTAH
1911,491911,49,UTAH
1912,491912,49,UTAH
1913,491913,49,UTAH
1914,491914,49,UTAH
1915,491915,49,UTAH
1916,491916,49,UTAH
1917,491917,49,UTAH
1918,491918,49,UTAH
1919,491919,49,UTAH
1920,491920,49,UTAH
1921,491921,49,UTAH
1922,491922,49,UTAH
1923,491923,49,UTAH
1924,491924,49,UTAH
1925,491925,49,UTAH
1926,491926,49,UTAH
1927,491927,49,UTAH
1928,491928,49,UTAH
1929,491929,49,UTAH
1930,491930,49,UTAH
1931,491931,49,UTAH
1932,491932,49,UTAH
1933,491933,49,UTAH
1934,491934,49,UTAH
1935,491935,49,UTAH
1936,491936,49,UTAH
1937,491937,49,UTAH
1938,491938,49,UTAH
1939,491939,49,UTAH
1940,491940,49,UTAH
1941,491941,49,UTAH
1942,491942,49,UTAH
1943,491943,49,UTAH
1944,491944,49,UTAH
1945,491945,49,UTAH
1946,491946,49,UTAH
1947,491947,49,UTAH
1948,491948,49,UTAH
1949,491949,49,UTAH
1950,491950,49,UTAH
1951,491951,49,UTAH
1952,491952,49,UTAH
1953,491953,49,UTAH
1954,491954,49,UTAH
1955,491955,49,UTAH
1956,491956,49,UTAH
1957,491957,49,UTAH
1958,491958,49,UTAH
1959,491959,49,UTAH
1960,491960,49,UTAH
1961,491961,49,UTAH
1962,491962,49,UTAH
1963,491963,49,UTAH
1964,491964,49,UTAH
1965,491965,49,UTAH
1966,491966,49,UTAH
1967,491967,49,UTAH
1968,491968,49,UTAH
1969,491969,49,UTAH
1970,491970,49,UTAH
1971,491971,49,UTAH
1972,491972,49,UTAH
1973,491973,49,UTAH
1974,491974,49,UTAH
1975,491975,49,UTAH
1976,491976,49,UTAH
1977,491977,49,UTAH
1978,491978,49,UTAH
1979,491979,49,UTAH
1980,491980,49,UTAH
1981,491981,49,UTAH
1982,491982,49,UTAH
1983,491983,49,UTAH
1984,491984,49,UTAH
1985,491985,49,UTAH
1986,491986,49,UTAH
1987,491987,49,UTAH
1988,491988,49,UTAH
1989,491989,49,UTAH
1990,491990,49,UTAH
1991,491991,49,UTAH
1992,491992,49,UTAH
1993,491993,49,UTAH
1994,491994,49,UTAH
1995,491995,49,UTAH
1996,491996,49,UTAH
1997,491997,49,UTAH
1998,491998,49,UTAH
1999,491999,49,UTAH
2000,492000,49,UTAH
2001,492001,49,UTAH
2002,492002,49,UTAH
2003,492003,49,UTAH
2004,492004,49,UTAH
2005,492005,49,UTAH
2006,492006,49,UTAH
2007,492007,49,UTAH
2008,492008,49,UTAH
2009,492009,49,UTAH
2010,492010,49,UTAH
2011,492011,49,UTAH
2012,492012,49,UTAH
2013,492013,49,UTAH
2014,492014,49,UTAH
2015,492015,49,UTAH
2016,492016,49,UTAH
2017,492017,49,UTAH
2018,492018,49,UTAH
2019,492019,49,UTAH
2020,492020,49,UTAH
2021,492021,49,UTAH
2022,492022,49,UTAH
2023,492023,49,UTAH
2024,492024,49,UTAH
2025,492025,49,UTAH
2026,492026,49,UTAH
2027,492027,49,UTAH
2028,492028,49,UTAH
2029,492029,49,UTAH
2030,492030,49,UTAH
2031,492031,49,UTAH
2032,492032,49,UTAH
2033,492033,49,UTAH
2034,492034,49,UTAH
2035,492035,49,UTAH
2036,492036,49,UTAH
2037,492037,49,UTAH
2038,492038,49,UTAH
2039,492039,49,UTAH
2040,492040,49,UTAH
2041,492041,49,UTAH
2042,492042,49,UTAH
2043,492043,49,UTAH
2044,492044,49,UTAH
2045,492045,49,UTAH
2046,492046,49,UTAH
2047,492047,49,UTAH
2048,492048,49,UTAH
2049,492049,49,UTAH
2050,492050,49,UTAH
2051,492051,49,UTAH
2052,492052,49,UTAH
2053,492053,49,UTAH
2054,492054,49,UTAH
2055,492055,49,UTAH
2056,492056,49,UTAH
2057,492057,49,UTAH
2058,492058,49,UTAH
2059,492059,49,UTAH
2060,492060,49,UTAH
2061,492061,49,UTAH
2062,492062,49,UTAH
2063,492063,49,UTAH
2064,492064,49,UTAH
2065,492065,49,UTAH
2066,492066,49,UTAH
2067,492067,49,UTAH
2068,492068,49,UTAH
2069,492069,49,UTAH
2070,492070,49,UTAH
2071,492071,49,UTAH
2072,492072,49,UTAH
2073,492073,49,UTAH
2074,492074,49,UTAH
2075,492075,49,UTAH
2076,492076,49,UTAH
2077,492077,49,UTAH
2078,492078,49,UTAH
2079,492079,49,UTAH
2080,492080,49,UTAH
2081,492081,49,UTAH
2082,492082,49,UTAH
2083,492083,49,UTAH
2084,492084,49,UTAH
2085,492085,49,UTAH
2086,492086,49,UTAH
2087,492087,49,UTAH
2088,492088,49,UTAH
2089,492089,49,UTAH
2090,492090,49,UTAH
2091,492091,49,UTAH
2092,492092,49,UTAH
2093,492093,49,UTAH
2094,492094,49,UTAH
2095,492095,49,UTAH
2096,492096,49,UTAH
2097,492097,49,UTAH
2098,492098,49,UTAH
2099,492099,49,UTAH
2100,492100,49,UTAH
2101,492101,49,UTAH
2102,492102,49,UTAH
2103,492103,49,UTAH
2104,492104,49,UTAH
2105,492105,49,UTAH
2106,492106,49,UTAH
2107,492107,49,UTAH
2108,492108,49,UTAH
2109,492109,49,UTAH
2110,492110,49,UTAH
2111,492111,49,UTAH
2112,492112,49,UTAH
2113,492113,49,UTAH
2114,492114,49,UTAH
2115,492115,49,UTAH
2116,492116,49,UTAH
2117,492117,49,UTAH
2118,492118,49,UTAH
2119,492119,49,UTAH
2120,492120,49,UTAH
2121,492121,49,UTAH
2122,492122,49,UTAH
2123,492123,49,UTAH
2124,492124,49,UTAH
2125,492125,49,UTAH
2126,492126,49,UTAH
2127,492127,49,UTAH
2128,492128,49,UTAH
2129,492129,49,UTAH
2130,492130,49,UTAH
2131,492131,49,UTAH
2132,492132,49,UTAH
2133,492133,49,UTAH
2134,492134,49,UTAH
2135,492135,49,UTAH
2136,492136,49,UTAH
2137,492137,49,UTAH
2138,492138,49,UTAH
2139,492139,49,UTAH
2140,492140,49,UTAH
2141,492141,49,UTAH
2142,492142,49,UTAH
2143,492143,49,UTAH
2144,492144,49,UTAH
2145,492145,49,UTAH
2146,492146,49,UTAH
2147,492147,49,UTAH
2148,492148,49,UTAH
2149,492149,49,UTAH
2150,492150,49,UTAH
2151,492151,49,UTAH
2152,492152,49,UTAH
2153,492153,49,UTAH
2154,492154,49,UTAH
2155,492155,49,UTAH
2156,492156,49,UTAH
2157,492157,49,UTAH
2158,492158,49,UTAH
2159,492159,49,UTAH
2160,492160,49,UTAH
2161,492161,49,UTAH
2162,492162,49,UTAH
2163,492163,49,UTAH
2164,492164,49,UTAH
2165,492165,49,UTAH
2166,492166,49,UTAH
2167,492167,49,UTAH
2168,492168,49,UTAH
2169,492169,49,UTAH
2170,492170,49,UTAH
2171,492171,49,UTAH
2172,492172,49,UTAH
2173,492173,49,UTAH
2174,492174,49,UTAH
2175,492175,49,UTAH
2176,492176,49,UTAH
2177,492177,49,UTAH
2178,492178,49,UTAH
2179,492179,49,UTAH
2180,492180,49,UTAH
2181,492181,49,UTAH
2182,492182,49,UTAH
2183,492183,49,UTAH
2184,492184,49,UTAH
2185,492185,49,UTAH
2186,492186,49,UTAH
2187,492187,49,UTAH
2188,492188,49,UTAH
2189,492189,49,UTAH
2190,492190,49,UTAH
2191,492191,49,UTAH
2192,492192,49,UTAH
2193,492193,49,UTAH
2194,492194,49,UTAH
2195,492195,49,UTAH
2196,492196,49,UTAH
2197,492197,49,UTAH
2198,492198,49,UTAH
2199,492199,49,UTAH
2200,492200,49,UTAH
2201,492201,49,UTAH
2202,492202,49,UTAH
2203,492203,49,UTAH
2204,492204,49,UTAH
2205,492205,49,UTAH
2206,492206,49,UTAH
2207,492207,49,UTAH
2208,492208,49,UTAH
2209,492209,49,UTAH
2210,492210,49,UTAH
2211,492211,49,UTAH
2212,492212,49,UTAH
2213,492213,49,UTAH
2214,492214,49,UTAH
2215,492215,49,UTAH
2216,492216,49,UTAH
2217,492217,49,UTAH
2218,492218,49,UTAH
2219,492219,49,UTAH
2220,492220,49,UTAH
2221,492221,49,UTAH
2222,492222,49,UTAH
2223,492223,49,UTAH
2224,492224,49,UTAH
2225,492225,49,UTAH
2226,492226,49,UTAH
2227,492227,49,UTAH
2228,492228,49,UTAH
2229,492229,49,UTAH
2230,492230,49,UTAH
2231,492231,49,UTAH
2232,492232,49,UTAH
2233,492233,49,UTAH
2234,492234,49,UTAH
2235,492235,49,UTAH
2236,492236,49,UTAH
2237,492237,49,UTAH
2238,492238,49,UTAH
2239,492239,49,UTAH
2240,492240,49,UTAH
2241,492241,49,UTAH
2242,492242,49,UTAH
2243,492243,49,UTAH
2244,492244,49,UTAH
2245,492245,49,UTAH
2246,492246,49,UTAH
2247,492247,49,UTAH
2248,492248,49,UTAH
2249,492249,49,UTAH
2250,492250,49,UTAH
2251,492251,49,UTAH
2252,492252,49,UTAH
2253,492253,49,UTAH
2254,492254,49,UTAH
2255,492255,49,UTAH
2256,492256,49,UTAH
2257,492257,49,UTAH
2258,492258,49,UTAH
2259,492259,49,UTAH
2260,492260,49,UTAH
2261,492261,49,UTAH
2262,492262,49,UTAH
2263,492263,49,UTAH
2264,492264,49,UTAH
2265,492265,49,UTAH
2266,492266,49,UTAH
2267,492267,49,UTAH
2268,492268,49,UTAH
2269,492269,49,UTAH
2270,492270,49,UTAH
2271,492271,49,UTAH
2272,492272,49,UTAH
2273,492273,49,UTAH
2274,492274,49,UTAH
2275,492275,49,UTAH
2276,492276,49,UTAH
2277,492277,49,UTAH
2278,492278,49,UTAH
2279,492279,49,UTAH
2280,492280,49,UTAH
2281,492281,49,UTAH
2282,492282,49,UTAH
2283,492283,49,UTAH
2284,492284,49,UTAH
2285,492285,49,UTAH
2286,492286,49,UTAH
2287,492287,49,UTAH
2288,492288,49,UTAH
2289,492289,49,UTAH
2290,492290,49,UTAH
2291,492291,49,UTAH
2292,492292,49,UTAH
2293,492293,49,UTAH
2294,492294,49,UTAH
2295,492295,49,UTAH
2296,492296,49,UTAH
2297,492297,49,UTAH
2298,492298,49,UTAH
2299,492299,49,UTAH
2300,492300,49,UTAH
2301,492301,49,UTAH
2302,492302,49,UTAH
2303,492303,49,UTAH
2304,492304,49,UTAH
2305,492305,49,UTAH
2306,492306,49,UTAH
2307,492307,49,UTAH
2308,492308,49,UTAH
2309,492309,49,UTAH
2310,492310,49,UTAH
2311,492311,49,UTAH
2312,492312,49,UTAH
2313,492313,49,UTAH
2314,492314,49,UTAH
2315,492315,49,UTAH
2316,492316,49,UTAH
2317,492317,49,UTAH
2318,492318,49,UTAH
2319,492319,49,UTAH
2320,492320,49,UTAH
2321,492321,49,UTAH
2322,492322,49,UTAH
2323,492323,49,UTAH
2324,492324,49,UTAH
2325,492325,49,UTAH
2326,492326,49,UTAH
2327,492327,49,UTAH
2328,492328,49,UTAH
2329,492329,49,UTAH
2330,492330,49,UTAH
2331,492331,49,UTAH
2332,492332,49,UTAH
2333,492333,49,UTAH
2334,492334,49,UTAH
2335,492335,49,UTAH
2336,492336,49,UTAH
2337,492337,49,UTAH
2338,492338,49,UTAH
2339,492339,49,UTAH
2340,492340,49,UTAH
2341,492341,49,UTAH
2342,492342,49,UTAH
2343,492343,49,UTAH
2344,492344,49,UTAH
2345,492345,49,UTAH
2346,492346,49,UTAH
2347,492347,49,UTAH
2348,492348,49,UTAH
2349,492349,49,UTAH
2350,492350,49,UTAH
2351,492351,49,UTAH
2352,492352,49,UTAH
2353,492353,49,UTAH
2354,492354,49,UTAH
2355,492355,49,UTAH
2356,492356,49,UTAH
2357,492357,49,UTAH
2358,492358,49,UTAH
2359,492359,49,UTAH
2360,492360,49,UTAH
2361,492361,49,UTAH
2362,492362,49,UTAH
2363,492363,49,UTAH
2364,492364,49,UTAH
2365,492365,49,UTAH
2366,492366,49,UTAH
2367,492367,49,UTAH
2368,492368,49,UTAH
2369,492369,49,UTAH
2370,492370,49,UTAH
2371,492371,49,UTAH
2372,492372,49,UTAH
2373,492373,49,UTAH
2374,492374,49,UTAH
2375,492375,49,UTAH
2376,492376,49,UTAH
2377,492377,49,UTAH
2378,492378,49,UTAH
2379,492379,49,UTAH
2380,492380,49,UTAH
2381,492381,49,UTAH
2382,492382,49,UTAH
2383,492383,49,UTAH
2384,492384,49,UTAH
2385,492385,49,UTAH
2386,492386,49,UTAH
2387,492387,49,UTAH
2388,492388,49,UTAH
2389,492389,49,UTAH
2390,492390,49,UTAH
2391,492391,49,UTAH
2392,492392,49,UTAH
2393,492393,49,UTAH
2394,492394,49,UTAH
2395,492395,49,UTAH
2396,492396,49,UTAH
2397,492397,49,UTAH
2398,492398,49,UTAH
2399,492399,49,UTAH
2400,492400,49,UTAH
2401,492401,49,UTAH
2402,492402,49,UTAH
2403,492403,49,UTAH
2404,492404,49,UTAH
2405,492405,49,UTAH
2406,492406,49,UTAH
2407,492407,49,UTAH
2408,492408,49,UTAH
2409,492409,49,UTAH
2410,492410,49,UTAH
2411,492411,49,UTAH
2412,492412,49,UTAH
2413,492413,49,UTAH
2414,492414,49,UTAH
2415,492415,49,UTAH
2416,492416,49,UTAH
2417,492417,49,UTAH
2418,492418,49,UTAH
2419,492419,49,UTAH
2420,492420,49,UTAH
2421,492421,49,UTAH
2422,492422,49,UTAH
2423,492423,49,UTAH
2424,492424,49,UTAH
2425,492425,49,UTAH
2426,492426,49,UTAH
2427,492427,49,UTAH
2428,492428,49,UTAH
2429,492429,49,UTAH
2430,492430,49,UTAH
2431,492431,49,UTAH
2432,492432,49,UTAH
2433,492433,49,UTAH
2434,492434,49,UTAH
2435,492435,49,UTAH
2436,492436,49,UTAH
2437,492437,49,UTAH
2438,492438,49,UTAH
2439,492439,49,UTAH
2440,492440,49,UTAH
2441,492441,49,UTAH
2442,492442,49,UTAH
2443,492443,49,UTAH
2444,492444,49,UTAH
2445,492445,49,UTAH
2446,492446,49,UTAH
2447,492447,49,UTAH
2448,492448,49,UTAH
2449,492449,49,UTAH
2450,492450,49,UTAH
2451,492451,49,UTAH
2452,492452,49,UTAH
2453,492453,49,UTAH
2454,492454,49,UTAH
2455,492455,49,UTAH
2456,492456,49,UTAH
2457,492457,49,UTAH
2458,492458,49,UTAH
2459,492459,49,UTAH
2460,492460,49,UTAH
2461,492461,49,UTAH
2462,492462,49,UTAH
2463,492463,49,UTAH
2464,492464,49,UTAH
2465,492465,49,UTAH
2466,492466,49,UTAH
2467,492467,49,UTAH
2468,492468,49,UTAH
2469,492469,49,UTAH
2470,492470,49,UTAH
2471,492471,49,UTAH
2472,492472,49,UTAH
2473,492473,49,UTAH
2474,492474,49,UTAH
2475,492475,49,UTAH
2476,492476,49,UTAH
2477,492477,49,UTAH
2478,492478,49,UTAH
2479,492479,49,UTAH
2480,492480,49,UTAH
2481,492481,49,UTAH
2482,492482,49,UTAH
2483,492483,49,UTAH
2484,492484,49,UTAH
2485,492485,49,UTAH
2486,492486,49,UTAH
2487,492487,49,UTAH
2488,492488,49,UTAH
2489,492489,49,UTAH
2490,492490,49,UTAH
2491,492491,49,UTAH
2492,492492,49,UTAH
2493,492493,49,UTAH
2494,492494,49,UTAH
2495,492495,49,UTAH
2496,492496,49,UTAH
2497,492497,49,UTAH
2498,492498,49,UTAH
2499,492499,49,UTAH
2500,492500,49,UTAH
2501,492501,49,UTAH
2502,492502,49,UTAH
2503,492503,49,UTAH
2504,492504,49,UTAH
2505,492505,49,UTAH
2506,492506,49,UTAH
2507,492507,49,UTAH
2508,492508,49,UTAH
2509,492509,49,UTAH
2510,492510,49,UTAH
2511,492511,49,UTAH
2512,492512,49,UTAH
2513,492513,49,UTAH
2514,492514,49,UTAH
2515,492515,49,UTAH
2516,492516,49,UTAH
2517,492517,49,UTAH
2518,492518,49,UTAH
2519,492519,49,UTAH
2520,492520,49,UTAH
2521,492521,49,UTAH
2522,492522,49,UTAH
2523,492523,49,UTAH
2524,492524,49,UTAH
2525,492525,49,UTAH
2526,492526,49,UTAH
2527,492527,49,UTAH
2528,492528,49,UTAH
2529,492529,49,UTAH
2530,492530,49,UTAH
2531,492531,49,UTAH
2532,492532,49,UTAH
2533,492533,49,UTAH
2534,492534,49,UTAH
2535,492535,49,UTAH
2536,492536,49,UTAH
2537,492537,49,UTAH
2538,492538,49,UTAH
2539,492539,49,UTAH
2540,492540,49,UTAH
2541,492541,49,UTAH
2542,492542,49,UTAH
2543,492543,49,UTAH
2544,492544,49,UTAH
2545,492545,49,UTAH
2546,492546,49,UTAH
2547,492547,49,UTAH
2548,492548,49,UTAH
2549,492549,49,UTAH
2550,492550,49,UTAH
2551,492551,49,UTAH
2552,492552,49,UTAH
2553,492553,49,UTAH
2554,492554,49,UTAH
2555,492555,49,UTAH
2556,492556,49,UTAH
2557,492557,49,UTAH
2558,492558,49,UTAH
2559,492559,49,UTAH
2560,492560,49,UTAH
2561,492561,49,UTAH
2562,492562,49,UTAH
2563,492563,49,UTAH
2564,492564,49,UTAH
2565,492565,49,UTAH
2566,492566,49,UTAH
2567,492567,49,UTAH
2568,492568,49,UTAH
2569,492569,49,UTAH
2570,492570,49,UTAH
2571,492571,49,UTAH
2572,492572,49,UTAH
2573,492573,49,UTAH
2574,492574,49,UTAH
2575,492575,49,UTAH
2576,492576,49,UTAH
2577,492577,49,UTAH
2578,492578,49,UTAH
2579,492579,49,UTAH
2580,492580,49,UTAH
2581,492581,49,UTAH
2582,492582,49,UTAH
2583,492583,49,UTAH
2584,492584,49,UTAH
2585,492585,49,UTAH
2586,492586,49,UTAH
2587,492587,49,UTAH
2588,492588,49,UTAH
2589,492589,49,UTAH
2590,492590,49,UTAH
2591,492591,49,UTAH
2592,492592,49,UTAH
2593,492593,49,UTAH
2594,492594,49,UTAH
2595,492595,49,UTAH
2596,492596,49,UTAH
2597,492597,49,UTAH
2598,492598,49,UTAH
2599,492599,49,UTAH
2600,492600,49,UTAH
2601,492601,49,UTAH
2602,492602,49,UTAH
2603,492603,49,UTAH
2604,492604,49,UTAH
2605,492605,49,UTAH
2606,492606,49,UTAH
2607,492607,49,UTAH
2608,492608,49,UTAH
2609,492609,49,UTAH
2610,492610,49,UTAH
2611,492611,49,UTAH
2612,492612,49,UTAH
2613,492613,49,UTAH
2614,492614,49,UTAH
2615,492615,49,UTAH
2616,492616,49,UTAH
2617,492617,49,UTAH
2618,492618,49,UTAH
2619,492619,49,UTAH
2620,492620,49,UTAH
2621,492621,49,UTAH
2622,492622,49,UTAH
2623,492623,49,UTAH
2624,492624,49,UTAH
2625,492625,49,UTAH
2626,492626,49,UTAH
2627,492627,49,UTAH
2628,492628,49,UTAH
2629,492629,49,UTAH
2630,492630,49,UTAH
2631,492631,49,UTAH
2632,492632,49,UTAH
2633,492633,49,UTAH
2634,492634,49,UTAH
2635,492635,49,UTAH
2636,492636,49,UTAH
2637,492637,49,UTAH
2638,492638,49,UTAH
2639,492639,49,UTAH
2640,492640,49,UTAH
2641,492641,49,UTAH
2642,492642,49,UTAH
2643,492643,49,UTAH
2644,492644,49,UTAH
2645,492645,49,UTAH
2646,492646,49,UTAH
2647,492647,49,UTAH
2648,492648,49,UTAH
2649,492649,49,UTAH
2650,492650,49,UTAH
2651,492651,49,UTAH
2652,492652,49,UTAH
2653,492653,49,UTAH
2654,492654,49,UTAH
2655,492655,49,UTAH
2656,492656,49,UTAH
2657,492657,49,UTAH
2658,492658,49,UTAH
2659,492659,49,UTAH
2660,492660,49,UTAH
2661,492661,49,UTAH
2662,492662,49,UTAH
2663,492663,49,UTAH
2664,492664,49,UTAH
2665,492665,49,UTAH
2666,492666,49,UTAH
2667,492667,49,UTAH
2668,492668,49,UTAH
2669,492669,49,UTAH
2670,492670,49,UTAH
2671,492671,49,UTAH
2672,492672,49,UTAH
2673,492673,49,UTAH
2674,492674,49,UTAH
2675,492675,49,UTAH
2676,492676,49,UTAH
2677,492677,49,UTAH
2678,492678,49,UTAH
2679,492679,49,UTAH
2680,492680,49,UTAH
2681,492681,49,UTAH
2682,492682,49,UTAH
2683,492683,49,UTAH
2684,492684,49,UTAH
2685,492685,49,UTAH
2686,492686,49,UTAH
2687,492687,49,UTAH
2688,492688,49,UTAH
2689,492689,49,UTAH
2690,492690,49,UTAH
2691,492691,49,UTAH
2692,492692,49,UTAH
2693,492693,49,UTAH
2694,492694,49,UTAH
2695,492695,49,UTAH
2696,492696,49,UTAH
2697,492697,49,UTAH
2698,492698,49,UTAH
2699,492699,49,UTAH
2700,492700,49,UTAH
2701,492701,49,UTAH
2702,492702,49,UTAH
2703,492703,49,UTAH
2704,492704,49,UTAH
2705,492705,49,UTAH
2706,492706,49,UTAH
2707,492707,49,UTAH
2708,492708,49,UTAH
2709,492709,49,UTAH
2710,492710,49,UTAH
2711,492711,49,UTAH
2712,492712,49,UTAH
2713,492713,49,UTAH
2714,492714,49,UTAH
2715,492715,49,UTAH
2716,492716,49,UTAH
2717,492717,49,UTAH
2718,492718,49,UTAH
2719,492719,49,UTAH
2720,492720,49,UTAH
2721,492721,49,UTAH
2722,492722,49,UTAH
2723,492723,49,UTAH
2724,492724,49,UTAH
2725,492725,49,UTAH
2726,492726,49,UTAH
2727,492727,49,UTAH
2728,492728,49,UTAH
2729,492729,49,UTAH
2730,492730,49,UTAH
2731,492731,49,UTAH
2732,492732,49,UTAH
2733,492733,49,UTAH
2734,492734,49,UTAH
2735,492735,49,UTAH
2736,492736,49,UTAH
2737,492737,49,UTAH
2738,492738,49,UTAH
2739,492739,49,UTAH
2740,492740,49,UTAH
2741,492741,49,UTAH
2742,492742,49,UTAH
2743,492743,49,UTAH
2744,492744,49,UTAH
2745,492745,49,UTAH
2746,492746,49,UTAH
2747,492747,49,UTAH
2748,492748,49,UTAH
2749,492749,49,UTAH
2750,492750,49,UTAH
2751,492751,49,UTAH
2752,492752,49,UTAH
2753,492753,49,UTAH
2754,492754,49,UTAH
2755,492755,49,UTAH
2756,492756,49,UTAH
2757,492757,49,UTAH
2758,492758,49,UTAH
2759,492759,49,UTAH
2760,492760,49,UTAH
2761,492761,49,UTAH
2762,492762,49,UTAH
2763,492763,49,UTAH
2764,492764,49,UTAH
2765,492765,49,UTAH
2766,492766,49,UTAH
2767,492767,49,UTAH
2768,492768,49,UTAH
2769,492769,49,UTAH
2770,492770,49,UTAH
2771,492771,49,UTAH
2772,492772,49,UTAH
2773,492773,49,UTAH
2774,492774,49,UTAH
2775,492775,49,UTAH
2776,492776,49,UTAH
2777,492777,49,UTAH
2778,492778,49,UTAH
2779,492779,49,UTAH
2780,492780,49,UTAH
2781,492781,49,UTAH
2782,492782,49,UTAH
2783,492783,49,UTAH
2784,492784,49,UTAH
2785,492785,49,UTAH
2786,492786,49,UTAH
2787,492787,49,UTAH
2788,492788,49,UTAH
2789,492789,49,UTAH
2790,492790,49,UTAH
2791,492791,49,UTAH
2792,492792,49,UTAH
2793,492793,49,UTAH
2794,492794,49,UTAH
2795,492795,49,UTAH
2796,492796,49,UTAH
2797,492797,49,UTAH
2798,492798,49,UTAH
2799,492799,49,UTAH
2800,492800,49,UTAH
2801,492801,49,UTAH
2802,492802,49,UTAH
2803,492803,49,UTAH
2804,492804,49,UTAH
2805,492805,49,UTAH
2806,492806,49,UTAH
2807,492807,49,UTAH
2808,492808,49,UTAH
2809,492809,49,UTAH
2810,492810,49,UTAH
2811,492811,49,UTAH
2812,492812,49,UTAH
2813,492813,49,UTAH
2814,492814,49,UTAH
2815,492815,49,UTAH
2816,492816,49,UTAH
2817,492817,49,UTAH
2818,492818,49,UTAH
2819,492819,49,UTAH
2820,492820,49,UTAH
2821,492821,49,UTAH
2822,492822,49,UTAH
2823,492823,49,UTAH
2824,492824,49,UTAH
2825,492825,49,UTAH
2826,492826,49,UTAH
2827,492827,49,UTAH
2828,492828,49,UTAH
2829,492829,49,UTAH
2830,492830,49,UTAH
2831,492831,49,UTAH
2832,492832,49,UTAH
2833,492833,49,UTAH
2834,492834,49,UTAH
2835,492835,49,UTAH
2836,492836,49,UTAH
2837,492837,49,UTAH
2838,492838,49,UTAH
2839,492839,49,UTAH
2840,492840,49,UTAH
2841,492841,49,UTAH
2842,492842,49,UTAH
2843,492843,49,UTAH
2844,492844,49,UTAH
2845,492845,49,UTAH
2846,492846,49,UTAH
2847,492847,49,UTAH
2848,492848,49,UTAH
2849,492849,49,UTAH
2850,492850,49,UTAH
2851,492851,49,UTAH
2852,492852,49,UTAH
2853,492853,49,UTAH
2854,492854,49,UTAH
2855,492855,49,UTAH
2856,492856,49,UTAH
2857,492857,49,UTAH
2858,492858,49,UTAH
2859,492859,49,UTAH
2860,492860,49,UTAH
2861,492861,49,UTAH
2862,492862,49,UTAH
2863,492863,49,UTAH
2864,492864,49,UTAH
2865,492865,49,UTAH
2866,492866,49,UTAH
2867,492867,49,UTAH
2868,492868,49,UTAH
2869,492869,49,UTAH
2870,492870,49,UTAH
2871,492871,49,UTAH
2872,492872,49,UTAH
2873,492873,49,UTAH
2874,492874,0,external
2875,492875,0,external
2876,492876,0,external
2877,492877,0,external
2878,492878,0,external
2879,492879,0,external
2880,492880,0,external
2881,492881,0,external
